dock_time	protein
44.42416310310364	2jam
17.513693809509277	2qfa
