dock_time	protein
825.056802034378	3e7o
807.5018768310547	3elj
735.9959969520569	3npc
686.9849662780762	3sx0
