dock_time	protein
799.8951959609985	4agl
824.6805520057678	4x21
