dock_time	protein
182.12678503990173	2jam
137.16478896141052	2qfa
