dock_time	protein
790.5955729484558	5l4q
724.4574720859528	6e43
