dock_time	protein
693.5510199069977	6q9y
760.1717138290405	6s1j
