dock_time	protein
891.2733	2jam
769.6807	2qfa
825.056802034378	3e7o
807.5018768310547	3elj
735.9959969520569	3npc
686.9849662780762	3sx0
799.8951959609985	4agl
824.6805520057678	4x21
790.5955729484558	5l4q
724.4574720859528	6e43
693.5510199069977	6q9y
760.1717138290405	6s1j
911.3286447525024	6y4q
