dock_time	protein
8693.117572069168	2jam
10403.041138887405	2qfa
