dock_time	protein
8625.357682228088	6q9y
8576.349282741547	6s1j
