dock_time	protein
8486.018652915955	5l4q
7890.599750041962	6e43
