dock_time	protein
8612.537370204926	3e7o
8300.88774895668	3elj
10118.715225934982	3npc
9319.685974121094	3sx0
