dock_time	protein
9640.629364967346	4agl
8581.304053068161	4x21
