dock_time	protein
24.248462200164795	2jam
29.288478136062622	2qfa
