dock_time	ligand	protein
10.183560848236084	0003	2jam
6.475754261016846	0708	2jam
2.578662872314453	1808	2jam
15.731889963150024	0003	2qfa
9.18484616279602	0708	2qfa
2.6397082805633545	1808	2qfa
