dock_time	ligand	protein
10.426017761230469	0003	2jam
7.9984540939331055	0708	2jam
3.5587520599365234	1808	2jam
17.90949010848999	0003	2qfa
9.333714962005615	0708	2qfa
2.616813898086548	1808	2qfa
