dock_time	ligand	protein
26.618191242218018	0003	2jam
17.07401967048645	0708	2jam
6.577728033065796	1808	2jam
