dock_time	ligand	protein
9.8470778465271	1986	2jam
10.769575119018555	1986	2qfa
